Scheme,Profile,Avg RTT,95th RTT
cubic,1,87.96866666666669,140.287
vivace,1,95.711,147.1405
vegas,1,86.72966666666667,141.5495
cubic,2,87.96866666666669,140.287
vivace,2,95.711,147.1405
vegas,2,86.72966666666667,141.5495
